{"cameraMode":{"drawMode":0,"name":"Shaded","section":"Shading Mode"},"sceneLighting":true,"audioPlay":false,"sceneViewState":{"showFog":true,"showMaterialUpdate":false,"showSkybox":true,"showFlares":true,"showImageEffects":true,"showParticleSystems":true},"in2DMode":false,"pivot":{"x":172.556396484375,"y":55.56610107421875,"z":1204.4638671875},"rotation":{"x":0.05852974206209183,"y":-0.09122025221586228,"z":0.0053698658011853699,"w":0.9941002130508423},"size":1564.8411865234375,"orthographic":false}